Model,MAE,RMSE,R2
Random Forest,1392849.9430140369,1429607.1766450717,-97124310445746.45
LightGBM,1165936.2304260693,1207157.1964948825,-69250380609779.91
