Model,MAE,RMSE,R2,MAPE
Moving Average,552467.1905376203,909299.6476738875,0.6776072771530397,13.026398060656547
