Model,MAE,RMSE,R2,MAPE
Prophet,1309639.6006495776,1486958.6046898335,0.13787757588944427,31.04420833912631
