Model,MAE,RMSE,R2,MAPE
XGBoost,179839.02462500936,262487.99328175414,0.9731348004978613,4.441273664489463
